Student,Pages,Book,Status
Student_1,20,Book_1,Ahead
Student_2,25,Book_2,On Track
Student_3,30,Book_3,On Track
Student_4,35,Book_4,Ahead
Student_5,40,Book_5,On Track
Student_6,45,Book_6,On Track
Student_7,50,Book_1,Ahead
Student_8,55,Book_2,On Track
Student_9,60,Book_3,On Track
Student_10,65,Book_4,Ahead
Student_11,70,Book_5,On Track
Student_12,75,Book_6,On Track
Student_13,80,Book_1,Ahead
Student_14,85,Book_2,On Track
Student_15,90,Book_3,On Track
Student_16,95,Book_4,Ahead
Student_17,100,Book_5,On Track
Student_18,105,Book_6,On Track
Student_19,110,Book_1,Ahead
Student_20,115,Book_2,On Track
Student_21,120,Book_3,On Track
Student_22,125,Book_4,Ahead
Student_23,130,Book_5,On Track
Student_24,135,Book_6,On Track
Student_25,140,Book_1,Ahead
Student_26,145,Book_2,On Track
Student_27,150,Book_3,On Track
Student_28,155,Book_4,Ahead
Student_29,160,Book_5,On Track
Student_30,165,Book_6,On Track
